BiGG	SEED
oh1	cpd15275
h	cpd00067
nadh	cpd00004
grdp	cpd00283
prostgf2	cpd00488
CE2176	cpd22970
triodthy	cpd01621
HC00955	cpd01651
CN0010	cpd19545
3uib	cpd03034
btal	cpd01011
abt__D	cpd01307
dtbt	cpd01311
glutar	cpd00379
lpam	cpd00213
tartr__M	cpd00432
5g2oxpt	cpd02364
M01141	cpd35448
dca	cpd01107
M00978	cpd17474
mana	cpd00403
CN0011	cpd19544
gcarote	cpd03220
5hoxindact	cpd03345
Ac1PIM4	cpd15918
acg5sa	cpd00918
CE2957	cpd16477
3mcat	cpd01871
m1ocdca	cpd15969
avite2	cpd09852
no2	cpd00075
CE2615	cpd31017
antipyrene	cpd19134
apofetn	cpd12768
arabinanagalfragund	cpd15929
oleth	cpd31351
4hba	cpd15378
hexdeceeth	cpd16300
pmeth	cpd16300
PIM2	cpd15921
hdca	cpd00214
mbdg	cpd15585
oxur	cpd00596
clpn160190	cpd15939
Stmyn	cpd00328
udpgalur	cpd00472
mevR	cpd00332
mev__R	cpd00332
pyrimid	cpd00316
tma	cpd00441
tmam	cpd00441
ppi	cpd00012
ecto__L	cpd03727
agdpcbi	cpd03920
aact	cpd01298
ergtetrol	cpd03223
citalo	cpd16411
citalppa	cpd16414
kynate	cpd01182
rnam	cpd02016
core_lps_hp	cpd16095
gal_bD	cpd00709
allphn	cpd00742
1acpc	cpd00909
gmp	cpd00126
decdpr_tb	cpd15947
CCbuttc	cpd00856
Ac2PIM2	cpd15919
2mahmp	cpd02894
5hiu	cpd08625
C11821	cpd08625
pro__L	cpd00129
dann	cpd00764
2aobut	cpd02053
djenk	cpd05190
dhnpthld	cpd03712
dcsptn1	cpd35641
docosdiac	cpd20878
2dhguln	cpd15351
2ood	cpd15808
ddcal	cpd01535
ohepa	cpd15900
Brfap	cpd15830
oca	cpd16738
omaketo	cpd16739
dhp23cp	cpd15850
hsfd	cpd15887
2h34hppr	cpd03174
hexdicoa	cpd32101
C06350	cpd03791
3hmop	cpd10162
orn__D	cpd00404
eca_EC	cpd15651
pe_hs	cpd11456
sucorn	cpd02160
doco13ac	cpd05231
aprut	cpd01758
ficytb	cpd12852
6mpur	cpd01212
slnt	cpd03387
frulysp	cpd15467
HC01577	cpd03407
C13856	cpd09673
2mecdp	cpd08301
glcp_SA	cpd16073
urea	cpd00073
3dhgulnp	cpd10596
gtca2	cpd16076
gtca1	cpd16075
xol7ah2al	cpd03228
C09209	cpd06104
4h2opntn	cpd02258
4pasp	cpd01977
5aprbu	cpd02720
ptrc	cpd00118
hpdca	cpd24916
hexdiac	cpd20868
hexs	cpd11578
C06199	cpd03707
ara5p	cpd00817
ppgpp	cpd00905
fcmcbtt	cpd15952
mpt	cpd03520
kdolipid4_HP	cpd16100
prostgi2	cpd00960
M00579	cpd03275
23dhmp	cpd02535
kdolipid4	cpd03585
utp	cpd00062
2hog	cpd01709
2hydog	cpd01709
sucbz	cpd01772
lipidX_HP	cpd16102
C06314	cpd03755
mercppyr	cpd00706
3pop	cpd01807
6p2dhglcn	cpd00896
2dda7p	cpd02857
mclPHA	cpd16751
mql7	cpd23255
mqn7	cpd11606
5prdmbz	cpd02904
CE2122	cpd22713
cysam	cpd01160
hcys__L	cpd00135
mssg	cpd15999
frmd	cpd00378
galt	cpd01171
degly	cpd16449
acmam	cpd03485
xu5p__L	cpd02100
male	cpd00996
nabl	cpd15899
spmd	cpd00264
onpthl	cpd34170
Ncbmpts	cpd00341
C01601	cpd01126
nona	cpd01126
imp	cpd00114
omdtria	cpd16002
12ppd__S	cpd19024
fusa	cpd04095
ptdca	cpd16351
dsbgrd	cpd15453
dsbard	cpd15447
gly_leu__L	cpd01459
glyleu	cpd01459
pheac	cpd09075
mfrrppdima	cpd15977
skm5p	cpd02030
pg190	cpd16010
pgp_HP	cpd16106
C10164	cpd07053
prenoN_ated	cpd15662
met__D	cpd00637
rb15bp	cpd00871
dhlam	cpd00449
dsbcrd	cpd15449
ca2	cpd00063
glu5p	cpd02097
histd	cpd00641
cytP450r	cpd12827
Nforglu	cpd00770
HC01434	cpd03187
pre3a	cpd03420
HC02200	cpd08051
pre3b	cpd03833
sTn_antigen	cpd21528
Sptmyn	cpd01409
subeac	cpd05193
sucald	cpd16587
tetpent3	cpd34096
co2	cpd00011
ttdcal	cpd15642
tmha1	cpd16044
tmha2	cpd16045
tmha3	cpd16046
tmha4	cpd16047
tmha5	cpd16048
tmha6	cpd16049
mi3456p	cpd02751
CN0022	cpd20746
4gudbutn	cpd00762
dmpp	cpd00202
u2ga_HP	cpd16104
u23ga_HP	cpd16105
cpppg1	cpd03416
ugma	cpd16057
M03117	cpd15643
udca	cpd15643
ugagmda	cpd16053
M00899	cpd23921
gp1c_cho	cpd21590
unaga	cpd00946
fuc13galacglcgal14acglcgalgluside_cho	cpd21562
phom	cpd00809
acnacngal14acglcgalgluside_cho	cpd21552
fucgal14acglcgalgluside_cho	cpd21548
tag1601819Z160	cpd30569
tag1601819Z180	cpd30570
acgalfucgalacgalfucgalacglcgal14acglcgalgluside_cho	cpd21561
fucfuc132galacglcgal14acglcgalgluside_cho	cpd21575
selnp	cpd03078
fucacngalacglcgalgluside_cho	cpd21539
thmtp	cpd01937
C09640	cpd06534
CN0023	cpd20813
tag18111Z1819Z18111Z	cpd30589
3psme	cpd00932
cdp4dh6doglc	cpd00897
M00797	cpd23920
ggbutal	cpd11341
cbp	cpd00146
acg5p	cpd02552
prfp	cpd02979
leu__L	cpd00107
34dhpac	cpd02500
pppn	cpd03343
gg4abut	cpd11408
4per	cpd02147
prlp	cpd02991
oxptn	cpd02089
thr__L	cpd00161
eig3p	cpd02843
pprdn	cpd03691
ala_B	cpd00085
pre4	cpd03834
3AStmyn	cpd16061
txa2	cpd01480
34dhphaccoa	cpd22085
5eipencoa	cpd14886
ru5p__D	cpd00171
glu1sa	cpd02345
2cpr5p	cpd00956
1odec9eg3p	cpd30087
12dgr1819Z1819Z	cpd30074
12dgr18111Z1819Z	cpd30068
udcpo4	cpd29730
12dgr1819Z18111Z	cpd30072
12dgr1601819Z	cpd30062
12dgr1801819Z	cpd30064
12dgr18111Z18111Z	cpd30067
12dgr16018111Z	cpd30061
imacp	cpd00930
ocdce9a	cpd30412
M01573	cpd26003
photon646	cpd30507
pa1819Z1819Z	cpd30440
pa18111Z1819Z	cpd30430
pa1801819Z	cpd30422
photon673	cpd30508
photon680	cpd30509
pacoa	cpd30446
pa18111Z160	cpd30427
pa1819Z18111Z	cpd30438
pa1819Z160	cpd30435
cacoa	cpd30192
photonVis	cpd30510
3ipmmest	cpd16875
photon450	cpd30505
pa	cpd30418
4adcho	cpd08210
ca	cpd30191
photon438	cpd30504
photon437	cpd30503
photon490	cpd30506
vanillac	cpd23099
pa18111Z18111Z	cpd30429
pa16018111Z	cpd30419
pe1819Z1835Z9Z12Z	cpd30477
M00056	cpd34572
1agpe18111Z	cpd30083
1agpe1819Z	cpd30084
dgdg1829Z12Z1627Z10Z	cpd30243
mgdg1829Z12Z1627Z10Z	cpd30379
pe1801835Z9Z12Z	cpd30461
pe18111Z1835Z9Z12Z	cpd30469
photon298	cpd30502
pcrd	cpd30034
pcox	cpd30035
Asn_X_Ser_Thr	cpd12235
tag1819Z1819Z1819Z	cpd30602
M03024	cpd35947
nh4oh	cpd00985
octe9ACP	cpd30416
dgdg1819Z1627Z10Z	cpd30237
mgdg1829Z12Z1637Z10Z13Z	cpd30381
h4spt	cpd15884
pe1801845Z9Z12Z15Z	cpd30463
pe18111Z1845Z9Z12Z15Z	cpd30471
pe1819Z1845Z9Z12Z15Z	cpd30479
pe1829Z12Z1835Z9Z12Z	cpd30481
pg1819Z160	cpd30487
starch300	cpd30041
sqdg1819Z160	cpd30556
tag18111Z18111Z18111Z	cpd30583
dpgps	cpd15861
dgts1829Z12Z1835Z9Z12Z	cpd30275
dgdg1819Z1617Z	cpd30235
dgdg1819Z160	cpd30234
dgdg1829Z12Z1634Z7Z10Z	cpd30244
dgdg1829Z12Z1617Z	cpd30241
dgdg1829Z12Z1637Z10Z13Z	cpd30245
dgdg1829Z12Z160	cpd30240
dgdg1839Z12Z15Z1634Z7Z10Z	cpd30248
dgdg1839Z12Z15Z1627Z10Z	cpd30247
dgdg1839Z12Z15Z1637Z10Z13Z	cpd30249
mgdg1829Z12Z1634Z7Z10Z	cpd30380
mgdg1829Z12Z1644Z7Z10Z13Z	cpd30382
mgdg1829Z12Z1617Z	cpd30377
mgdg1829Z12Z160	cpd30376
mgdg1839Z12Z15Z1634Z7Z10Z	cpd30385
mgdg1839Z12Z15Z1644Z7Z10Z13Z	cpd30387
mgdg1839Z12Z15Z1627Z10Z	cpd30384
mgdg1839Z12Z15Z1637Z10Z13Z	cpd30386
pg18111Z160	cpd30483
sqdg18111Z160	cpd30554
tag16018111Z160	cpd30563
dgts1819Z1819Z	cpd30268
dgts1819Z1829Z12Z	cpd30269
dgts1819Z1835Z9Z12Z	cpd30270
dgts1829Z12Z1819Z	cpd30273
dgts1829Z12Z1829Z12Z	cpd30274
dgts1829Z12Z1845Z9Z12Z15Z	cpd30276
dgdg1819Z1637Z10Z13Z	cpd30239
dgdg1819Z1619Z	cpd30236
dgdg1839Z12Z15Z1644Z7Z10Z13Z	cpd30250
arbtn_fe3	cpd03294
pe1801819Z	cpd30457
pe1801829Z12Z	cpd30459
pe1819Z1829Z12Z	cpd30475
pg1829Z12Z160	cpd30491
31dmt	cpd22530
M00071	cpd34021
udcpo5	cpd29731
pail18111Z160	cpd30447
pail1819Z160	cpd30449
asqdca1819Z160	cpd30175
asqdca1829Z12Z160	cpd30176
asqdpa1819Z160	cpd30179
asqdpa1829Z12Z160	cpd30180
cdp12dgr1819Z160	cpd30201
cdp12dgr18111Z160	cpd30199
dgts1601819Z	cpd30258
dgts1601829Z12Z	cpd30259
dgts1601835Z9Z12Z	cpd30260
dgts18111Z1819Z	cpd30263
dgts18111Z1829Z12Z	cpd30264
dgts18111Z1835Z9Z12Z	cpd30265
dgts1819Z18111Z	cpd30267
dgts1819Z1845Z9Z12Z15Z	cpd30271
dgts1829Z12Z18111Z	cpd30272
dgts1839Z12Z15Z1835Z9Z12Z	cpd30279
dgts1839Z12Z15Z1845Z9Z12Z15Z	cpd30280
dgdg1819Z1634Z7Z10Z	cpd30238
dgdg1829Z12Z1619Z	cpd30242
dgdg1839Z12Z15Z160	cpd30246
4hproaraaragal	cpd30120
mgdg1819Z160	cpd30370
mgdg1829Z12Z1619Z	cpd30378
mgdg1839Z12Z15Z160	cpd30383
pg1839Z12Z15Z160	cpd30493
pgp18111Z160	cpd30495
pgp1819Z160	cpd30498
sqdg1829Z12Z160	cpd30558
tag16018111Z1835Z9Z12Z	cpd30567
tag16018111Z1845Z9Z12Z15Z	cpd30568
tag1601819Z1835Z9Z12Z	cpd30573
tag1601819Z1845Z9Z12Z15Z	cpd30574
tag1801819Z180	cpd30576
tag1801819Z1835Z9Z12Z	cpd30579
tag1801819Z1845Z9Z12Z15Z	cpd30580
tag18111Z18111Z1835Z9Z12Z	cpd30585
tag18111Z18111Z1845Z9Z12Z15Z	cpd30586
tag18111Z1819Z1835Z9Z12Z	cpd30591
tag18111Z1819Z1845Z9Z12Z15Z	cpd30592
tag1819Z18111Z1835Z9Z12Z	cpd30597
tag1819Z18111Z1845Z9Z12Z15Z	cpd30598
tag1819Z1819Z1835Z9Z12Z	cpd30603
tag1819Z1819Z1845Z9Z12Z15Z	cpd30604
HC10856	cpd31963
diact	cpd00551
12dgr1819Z160	cpd30070
asqdca18111Z160	cpd30174
asqdca1839Z12Z15Z160	cpd30177
asqdpa18111Z160	cpd30178
asqdpa1839Z12Z15Z160	cpd30181
gt1alpha_cho	cpd21593
gq1balpha_cho	cpd21594
asnglcnacglcnacman_man_manman_manman_manmanman	cpd30165
asnglcnacglcnacman_man_manman_manman_manmanmanglc	cpd30166
asnglcnacglcnacman_man_manman_manman_manmanmanglcglc	cpd30167
xyl3	cpd23780
dgts16018111Z	cpd30257
dgts1601845Z9Z12Z15Z	cpd30261
dgts18111Z18111Z	cpd30262
dgts18111Z1845Z9Z12Z15Z	cpd30266
dgts1839Z12Z15Z18111Z	cpd30277
dgts1839Z12Z15Z1819Z	cpd30278
4hproaraara	cpd30117
mgdg1819Z1617Z	cpd30371
mgdg1819Z1627Z10Z	cpd30373
mgdg1819Z1637Z10Z13Z	cpd30374
mgdg1819Z1619Z	cpd30372
pg18111Z1613E	cpd30486
pg1819Z1613E	cpd30490
pg1829Z12Z1613E	cpd30492
pg1839Z12Z15Z1613E	cpd30494
sqdg1839Z12Z15Z160	cpd30559
um4p	cpd15579
udcdpgal	cpd29727
udcpgr	cpd29728
udcpgrm	cpd29729
12dgr18111Z160	cpd30066
12dgr1819Z1619Z	cpd30071
pa1819Z1619Z	cpd30437
1agpe1829Z12Z	cpd30085
mag160	cpd30359
mag18111Z	cpd30361
mag1819Z	cpd30362
M00792	cpd34330
asnglcnacglcnacman_man_manman_manman_manmanmanglcglcglc	cpd30168
galam	cpd01524
4hproara	cpd30116
4hproaraaragalara	cpd30121
4hproaraaraara	cpd30118
4hproara_ara_gal	cpd30131
4hproara_ara_galara	cpd30132
o2D	cpd30409
CE2576	cpd22111
Shcit	cpd15833
mag180	cpd30360
M00782	cpd31746
M00806	cpd36049
asnglcnacglcnacman_man_manman_man_manmanman	cpd30170
asnglcnacglcnacman_man_man_man_man	cpd30171
asnglcnacglcnacman_man_man	cpd30172
hisp	cpd00807
dghs16018111Z	cpd30251
dghs1601819Z	cpd30252
dghs18111Z18111Z	cpd30253
dghs18111Z1819Z	cpd30254
dghs1819Z18111Z	cpd30255
dghs1819Z1819Z	cpd30256
ggchldb	cpd30329
4hproaraara_gal_gal	cpd30129
4hproara_aragalara_gal	cpd30128
4hproara_aragal_galara	cpd30130
mppp9me	cpd30403
mgdg1819Z1644Z7Z10Z13Z	cpd30375
doldpglcnac	cpd30288
doldpglcnacglcnac	cpd30289
doldpglcnacglcnacman	cpd30290
doldpglcnacglcnacmanman	cpd30301
doldpglcnacglcnacman_manmanman_manmanman	cpd30296
doldpglcnacglcnacman_manman_manmanman	cpd30297
doldpglcnacglcnacman_man_manman_manman_manmanman	cpd30291
doldpglcnacglcnacman_man_manman_manman_manmanmanglc	cpd30292
doldpglcnacglcnacman_man_manman_manman_manmanmanglcglc	cpd30293
doldpglcnacglcnacman_man_manman_manman_manmanmanglcglcglc	cpd30294
doldpglcnacglcnacman_man_man_manman_manmanman	cpd30295
doldpglcnacglcnacman_man_man	cpd30298
doldpglcnacglcnacman_man_manman	cpd30299
doldpglcnacglcnacman_man_manmanman	cpd30300
pqqox	cpd30039
pqqrd	cpd30040
mso3	cpd08023
pa18111Z1835Z9Z12Z	cpd30433
pa18111Z1845Z9Z12Z15Z	cpd30434
pa18111Z1829Z12Z	cpd30432
pa1819Z1835Z9Z12Z	cpd30443
pa1819Z1845Z9Z12Z15Z	cpd30444
pa1819Z1829Z12Z	cpd30442
pa1829Z12Z1835Z9Z12Z	cpd30445
pa1801835Z9Z12Z	cpd30425
pa1801845Z9Z12Z15Z	cpd30426
pa1801829Z12Z	cpd30424
tmlys	cpd02374
pran	cpd02642
asnglcnacglcnacman_man_manman_man_man_man_manman	cpd30169
CE6205	cpd23195
4hprogal	cpd30134
4hproaragal	cpd30127
4hproaraaragalmeara	cpd30122
4hproaraaramegal	cpd30126
4hproaraaraaragal	cpd30119
4hproaraara_gal_megal	cpd30125
4hproaraara_ara_gal	cpd30123
4hproara_ara_galaragal	cpd30133
HC00718	cpd00888
mfor	cpd30369
whlnlc	cpd30625
whodce9a	cpd30626
tyr_Lso4	cpd30613
thrp	cpd08928
M03019	cpd35321
HC10857	cpd34075
M01191	cpd16627
pre6a	cpd03761
ppap	cpd01844
5mta	cpd00147
udpLa4o	cpd14876
M00849	cpd32368
HC10858	cpd32253
ohpb	cpd03606
g3pi	cpd00902
M00429	cpd00827
dtdp	cpd00297
apc	cpd03981
3hppnl	cpd00714
n4abutn	cpd03529
hatrz	cpd03960
34hpp	cpd00868
4pyrdx	cpd00631
dmbzid	cpd01997
5apru	cpd00931
chols	cpd00681
arg__D	cpd00586
ala__D	cpd00117
gdptp	cpd02740
hg2	cpd00531
sl2a6o	cpd02724
idon__L	cpd00573
HC00900	cpd01468
mm	cpd01468
mmal	cpd01468
bgly	cpd01114
L_alagly	cpd11585
ala_L_tyr__L	cpd15593
ura	cpd00092
gp4g	cpd00925
CE0074	cpd24434
oxyp	cpd04763
2obut	cpd00094
amet	cpd00017
3c4mop	cpd02605
mal__D	cpd00386
pydx5p	cpd00016
1mpyr	cpd03688
1pyr5c	cpd02431
mi1456p	cpd08377
3amac	cpd21486
trnacys	cpd11910
dkmpp	cpd11295
CE2246	cpd24267
M00860	cpd24267
taxol	cpd04580
fmnRD	cpd29733
2dh3dgal	cpd00894
R_3hmrscoa	cpd16758
PIM1	cpd15920
hacon_T	cpd15886
isetac	cpd03048
istnt	cpd03048
fucgalfucgalacglcgalgluside_cho	cpd21532
fucfucfucgalacglcgal14acglcgalgluside_cho	cpd21567
fucfucfucgalacglc13galacglcgal14acglcgalgluside_cho	cpd21571
glcglycp	cpd07403
galfucgalacglcgal14acglcgalgluside_cho	cpd21568
34dhmald	cpd03307
eoaa	cpd02469
3hpppn	cpd08304
gt2_cho	cpd21587
gt3_cho	cpd21586
diala__L	cpd34361
2ohph	cpd03445
galfucgalacglcgalgluside_cho	cpd21531
galfucgalacglcgalgluside_hs	cpd21531
3hmoa	cpd02569
3hoxpac	cpd03320
tetd7ecoa	cpd31619
fucfucgalacglcgal14acglcgalgluside_cho	cpd21566
acglcgalacglcgal14acglcgalgluside_cho	cpd21563
galacgalfucgalacglcgal14acglcgalgluside_cho	cpd21559
fucgalacgalfucgalacglcgal14acglcgalgluside_cho	cpd21560
fucgalacglc13galacglcgal14acglcgalgluside_cho	cpd21569
4hbz	cpd00136
2p4c2me	cpd08288
2dmmq7	cpd29732
CE0782	cpd34688
caproic	cpd01113
hxa	cpd01113
16BDglcn	cpd21762
ch15deccoa	cpd03763
5hxkyn	cpd03362
iamoh	cpd04533
chlaemr	cpd22638
selmeth	cpd03163
n8aspmd	cpd00758
ade	cpd00128
ind3eth	cpd00704
fdxrd	cpd11620
2ameph	cpd02233
applp	cpd02547
udp	cpd00014
2ahethmpp	cpd03049
C02356	cpd01573
2ippm	cpd01710
2omph	cpd03446
46dh25dohxn	cpd02663
3mbald	cpd04534
5a2opntn	cpd00815
ppmi12346p	cpd08361
sucsal	cpd00199
M01966	cpd00499
galctn__D	cpd00653
xylnact__D	cpd01527
dopa4sf	cpd09523
xan	cpd00309
frulys	cpd15466
acetol	cpd03105
acon5m	cpd16879
im4act	cpd03052
imzacd	cpd03052
ind3acnl	cpd01881
itacon	cpd00380
HC00832	cpd01186
fcl__L	cpd01186
sucarg	cpd02103
ergst3glc	cpd16881
sucglu	cpd03525
n6all26d	cpd02685
sucgsa	cpd03526
hspmd	cpd03802
fdxo_2_2	cpd11621
fdxox	cpd11621
tet	cpd01414
udpLa4n	cpd14874
2mcacn	cpd02597
galman	cpd00656
4hthr	cpd03608
5houdic	cpd09027
houdic	cpd09027
acgbgbside_hs	cpd03292
peng	cpd03292
rbt	cpd00366
mlthf	cpd00125
hexc	cpd15240
hpdcal	cpd15610
mclPHAg	cpd16752
C01041	cpd00766
2hxmp	cpd01553
2hymeph	cpd01553
xu5p__D	cpd00198
xtp	cpd00530
36dahx	cpd00840
ethamp	cpd00285
tton	cpd01281
acamoxm	cpd03289
nal2a6o	cpd03289
anth	cpd00093
CE1944	cpd11311
2oph	cpd03444
prolb	cpd07061
gdbtal	cpd01723
d5kg	cpd02446
ahcys	cpd00019
HC01254	cpd02608
2ombz	cpd03447
lnlcACP	cpd14881
q8h2	cpd15561
lysylpgly_BS	cpd11449
nicrns	cpd03471
4abut	cpd00281
dimp	cpd03704
guln__L	cpd00594
mqn9	cpd25794
rmyc	cpd16031
acanth	cpd03773
acmp	cpd04176
pristanal	cpd34358
sula	cpd09878
sulfac	cpd09878
HC02198	cpd02286
CE5860	cpd23196
CE1554	cpd33748
dkfp	cpd15853
23dhba	cpd02494
24nph	cpd01510
dhgly	cpd14545
3amp	cpd00988
val__L	cpd00156
nonal	cpd15618
5flura	cpd04810
akg	cpd00024
altrn	cpd00608
tfenfe3	cpd12267
nfmalm	cpd16741
peptido_BS	cpd11452
34dhbz	cpd00197
dopa	cpd02357
mi4p__D	cpd02230
M00673	cpd01647
pad	cpd01647
2pglyc	cpd00727
4aabutn	cpd01889
5apentam	cpd00729
apocytc	cpd12052
atrz	cpd03959
butpi	cpd01662
coumarin	cpd03479
cys__D	cpd00587
adn	cpd00182
2amsa	cpd08626
athr__L	cpd03282
lppg	cpd15889
6ax6ax	cpd00921
C03958	cpd02457
Nacasp	cpd00767
pylald	cpd01686
tfenfe2	cpd12240
udpgalfur	cpd02338
vaccoa	cpd01557
ncam	cpd00133
2hyoxplac	cpd03480
bz	cpd00153
1mncam	cpd01866
ser_L_trp__L	cpd15631
didp	cpd00976
2dmmq8	cpd15352
etha	cpd00162
etham	cpd00162
3cmp	cpd03454
3gmp	cpd03701
3ump	cpd00989
3ophb	cpd03443
cdp	cpd00096
aacald	cpd04122
amacald	cpd04122
HC01161	cpd12370
apoACP	cpd12370
M03051	cpd15640
trdca	cpd15640
chexccoa	cpd15937
glyclt	cpd00139
mocdca	cpd15992
mql8	cpd15499
unk2_BS	cpd15645
iad	cpd01747
metsox_R__L	cpd14720
mn2	cpd00030
HC01842	cpd09444
nformanth	cpd03364
ocdcal	cpd01264
psd5p	cpd00859
sel	cpd03396
cholp	cpd00457
hcoumarin	cpd06210
pyr	cpd00020
uracp	cpd21464
14dhncoa	cpd11217
q8	cpd15560
db4p	cpd11225
4hbutcoa	cpd07946
6ax	cpd01588
dump	cpd00299
purine	cpd00360
orot	cpd00247
ocdca	cpd01080
trdcal	cpd15641
10fthf	cpd00201
2c23dh56dhoxin	cpd03330
mndn	cpd03185
npthl	cpd00618
glcur	cpd00164
ap5a	cpd02511
peracd	cpd08721
camp	cpd00446
msa	cpd00191
glu5sa	cpd00858
whddca	cpd05232
whhdca	cpd19486
crn__D	cpd10719
ttc_ggdp	cpd08211
2phetoh	cpd03481
3snpyr	cpd03284
zymstnl	cpd02398
6ampenc	cpd01896
6apa	cpd01896
succ	cpd00036
codscl5a	cpd19177
dhor__S	cpd00282
glyc2p	cpd01908
ibt	cpd01711
mma	cpd00187
pime	cpd01727
thmpp	cpd00056
salcn	cpd01030
dtmp	cpd00298
e4p	cpd00236
C05284	cpd03135
eandrstrn	cpd03059
23camp	cpd01570
ac	cpd00029
2mbald	cpd01499
HC01444	cpd03197
ggl	cpd03197
4gudbd	cpd01973
4nphsf	cpd22596
mergtrol	cpd08347
2oxoadp	cpd00269
ans	cpd00926
coucoa	cpd00192
cdp_inost	cpd21039
dcmp	cpd00206
dopasf	cpd09522
estriol	cpd03061
L2aadp	cpd00705
hlipa	cpd15485
4hglusa	cpd03530
mescoa	cpd03589
na1	cpd00971
ribflv	cpd00220
nmptrc	cpd01766
octal	cpd01088
phytol	cpd00999
nac	cpd00218
nicnt	cpd00218
avite1	cpd01628
2pg	cpd00482
btd_RR	cpd01947
2kmb	cpd00869
4met2obut	cpd00869
4mtob	cpd00869
12HPET	cpd03554
mi34p	cpd02513
HC01652	cpd03519
34dhbald	cpd16507
3dh5hpb	cpd03092
34dhphe	cpd00291
actp	cpd00196
adpac	cpd03642
arbt6p	cpd03697
B_ara1p	cpd02428
dhf	cpd00330
taur	cpd00210
M02035	cpd19240
cdpchol	cpd00256
datp	cpd00115
13ppd	cpd01618
aps	cpd00193
uri	cpd00249
2plac__L	cpd15809
glyb	cpd00540
gly	cpd00033
12dgr140	cpd15307
oxa	cpd00180
26dmani	cpd07889
rephaccoa	cpd21301
udcal	cpd15644
2dglc	cpd00455
hmccms	cpd04139
oxag	cpd03287
34dhoxpeg	cpd03306
3opimcoa	cpd04104
r1p	cpd00475
apnnox	cpd01783
arach	cpd03848
biocyt	cpd03293
cpgn_un	cpd15438
atp	cpd00002
gdp	cpd00031
sarcs	cpd00183
cyeuol	cpd01451
octp	cpd02553
btn	cpd00104
2mop	cpd00287
mptamp	cpd21090
HC01231	cpd02524
ptcys	cpd02524
anhgm	cpd15396
2ppoh	cpd01269
mththf	cpd37289
dnad	cpd00638
cmp	cpd00046
mthgxl	cpd00428
tdm4	cpd16041
pydx	cpd00215
12dgr160	cpd15309
thbpt4acam	cpd03897
ttdca	cpd03847
m2macchitppdol	cpd15251
m2mpdol	cpd15251
3mglutac	cpd31475
23ccmp	cpd01571
indpyr	cpd00278
23cump	cpd01572
dad_5	cpd03091
2m6phol	cpd14613
3hph5mb	cpd03151
3hodcoa	cpd15204
adrnl	cpd00583
nrpphr	cpd00429
cyst__L	cpd19019
cph4	cpd21472
6tins5mp	cpd02832
phenol	cpd00127
aa	cpd01150
adsel	cpd03388
ametam	cpd00837
C07535	cpd04705
pe160	cpd15531
f2p	cpd02085
1btol	cpd03662
btoh	cpd03662
ptp	cpd15902
bdg2hc	cpd03469
nop	cpd01162
1agpe160	cpd25195
pcholpalme_hs	cpd25192
dhxfut	cpd17278
dtpcudcpp	cpd02229
1agpe120	cpd26432
pe12_hs	cpd26432
1agpe140	cpd26431
1agpg120	cpd26430
magarachi_hs	cpd09674
agm	cpd00152
homoval	cpd03312
lgnc	cpd05235
m_xyl	cpd04446
glu__D	cpd00186
pppi	cpd00421
oxam	cpd01027
p_tol	cpd01033
ins	cpd00246
CE4877	cpd10415
CE2416	cpd27807
prist	cpd27807
salcn6p	cpd03698
chor	cpd00216
thiog	cpd01415
udpsq	cpd08358
M03134	cpd00597
pta	cpd00597
frdp	cpd00350
glcn	cpd00222
glcn__D	cpd00222
crnDcoa	cpd15439
poaac	cpd21482
mstrACP	cpd16000
dgtp	cpd00241
2pcpgc	cpd02754
hgentis	cpd00426
2dglcn	cpd01795
34dhoxmand	cpd03310
2agpg140	cpd26437
2agpg160	cpd25200
HC01435	cpd03189
2agpe120	cpd26439
2agpe140	cpd26435
2agpe160	cpd15339
2agpe180	cpd15341
3ddgc	cpd02441
3mbzalc	cpd04454
3ooctdACP	cpd15377
13dampp	cpd00726
4mbzalc	cpd04137
5hxkynam	cpd03349
5mcsn	cpd01587
pppg9	cpd00791
2hhxdal	cpd15197
hhxdcal	cpd15197
2mbac	cpd16872
hom__L	cpd00227
dmtphllqne	cpd09410
nmn	cpd00355
ppa	cpd00141
cdpc16c19g	cpd15935
citalald	cpd16416
srtn	cpd00579
h2mpt	cpd03523
echin	cpd05499
fut	cpd17270
3padsel	cpd03395
dctp	cpd00356
aspsa	cpd00346
LalaDglu	cpd15385
C01507	cpd01066
3amba	cpd11599
M00770	cpd25888
aicar	cpd02851
3hivac	cpd31748
CE2028	cpd31748
3hxkynam	cpd03347
3hphaccoa	cpd22017
pyam5p	cpd00493
argp	cpd03535
CE2026	cpd31613
egly	cpd08544
g3pc	cpd00507
C02442	cpd01610
CE2250	cpd22630
CE2253	cpd24264
apppa	cpd03705
p_xyl	cpd04136
gln__L	cpd00053
bzal	cpd00225
pan4p	cpd00834
dh4mchc	cpd04116
hqn	cpd00415
12dgr161	cpd15310
12dgr181	cpd15312
omhdecacid	cpd01788
pser__L	cpd00738
C05300	cpd03145
M00406	cpd03267
caphis	cpd02710
adpoh	cpd01576
glcglyc	cpd08376
5moxact	cpd03371
mh4spt	cpd15893
ind3ac	cpd00703
3moxtyr	cpd03316
thym	cpd00151
HC01104	cpd02135
7mht	cpd15828
for	cpd00047
hpyr	cpd00145
thexdd	cpd32677
btnso	cpd15414
dttp	cpd00357
ahdt	cpd02978
acetone	cpd00178
com	cpd02246
lnlncg	cpd03849
gsn	cpd00311
ddca	cpd01741
LalaLglu	cpd15388
4mop	cpd00200
3mbzald	cpd04447
meglyxyl	cpd16375
ala_L_asp__L	cpd11593
ala_L_gln__L	cpd11587
5aop	cpd00338
ferulcoa	cpd00321
5mdr1p	cpd02574
4mbzald	cpd04138
ptdcal	cpd01338
sprm	cpd00558
Ndmelys	cpd12737
tres	cpd16051
acgalfucgalacglcgalgluside_cho	cpd21533
acgalfucgalacglcgalgluside_hs	cpd21533
dcdp	cpd00533
tdm3	cpd16042
fuc14galacglcgalgluside_cho	cpd21537
xdp	cpd00972
fucfucgalacglc13galacglcgal14acglcgalgluside_cho	cpd21565
fucfucgalacglcgalacglcgal14acglcgalgluside_cho	cpd21565
uppg3	cpd00774
tih2cit	cpd15908
fucacngal14acglcgalgluside_cho	cpd21551
CE6415	cpd04541
biliverd	cpd00389
acser	cpd00722
3mox4hpac	cpd03311
pydxn	cpd00263
thymd	cpd00184
4abz	cpd00443
CE5014	cpd22990
12dgr180	cpd15311
4abutn	cpd00434
itp	cpd00068
CE2917	cpd14586
1ddecg3p	cpd15325
23dmphol	cpd14614
HC01710	cpd03666
HC01522	cpd03315
2hp6mp	cpd03439
2omph_5	cpd15202
C05109	cpd03039
damp	cpd00294
HC01440	cpd03193
2saa	cpd00460
glyald	cpd00448
dgdp	cpd00295
4ogm	cpd03303
HC01672	cpd03566
CE3087	cpd21390
3mop	cpd00508
2ddglcn	cpd00176
7ohp	cpd15829
ad	cpd03734
bilea	cpd01098
caffcoa	cpd00270
Ac1PIM2	cpd15916
dms	cpd00450
dhretinol	cpd11176
m1macchitppdol	cpd15250
m1mpdol	cpd15250
tre6p	cpd00523
macchitppdol	cpd12789
mpdol	cpd12789
bvite	cpd09851
cdpea	cpd00444
pap	cpd00045
cdpc19c19g	cpd15936
cdpdddecg	cpd15417
dutp	cpd00358
cm3ac	cpd02267
pdx5p	cpd00478
23dhb	cpd00168
betald	cpd00447
Rh2cit	cpd15831
but	cpd00211
cdpdag_EC	cpd16066
oaa	cpd00032
dha	cpd00157
hpmtria	cpd15961
sbt__L	cpd01187
hmcr	cpd01606
dmgly	cpd00756
lyx__L	cpd01067
cbasp	cpd00343
4aphdob	cpd00920
m_tol	cpd04449
C03413	cpd02158
CE5586	cpd14584
pacald	cpd00464
cmp2amep	cpd03379
cmpntm2amep	cpd03380
codscl7	cpd14961
f390a	cpd15862
f390g	cpd15863
2h3opp	cpd00843
2h3oppan	cpd00843
hop	cpd00843
pser__D	cpd01665
omtta	cpd16003
ocdccoa	cpd16825
colipa	cpd15432
peptido_EC	cpd15654
5pg35pg	cpd18057
phacgly	cpd03325
pheacgly	cpd03325
4hoxpacd	cpd02361
cdpg	cpd03699
thdp	cpd02465
cytcc	cpd11931
so2	cpd06201
tamlgnc	cpd16037
tcb	cpd16654
Rh3cit	cpd15832
sph1p	cpd00824
debrisoquine	cpd09492
c10crn	cpd02105
duri	cpd00412
R_3hddcoa	cpd16756
R_3hdcoa	cpd16755
R_3hhcoa	cpd16757
R_3hocoa	cpd16759
12dgr120	cpd15306
12d3k5m	cpd11255
M00245	cpd11255
dhmtp	cpd11255
12dgr141	cpd15308
forglu	cpd00344
2dp6mep	cpd25881
C05299	cpd03144
nadp	cpd00006
N1aspmd	cpd00470
5hoxnfkyn	cpd03359
7mhp	cpd15827
C06948	cpd04280
CN0016	cpd20432
T4hcinnm	cpd00604
56dura	cpd00337
DGDG_SA	cpd16063
dgdcg_SA	cpd16069
M01389	cpd00863
g6p_B	cpd00863
mqn8	cpd15500
gtp	cpd00038
methf	cpd00347
galam6p	cpd03813
dtocophe	cpd09850
dmcital	cpd16412
DPA	cpd15596
dodecanac	cpd01740
photon	cpd31000
CE2891	cpd14856
ebastine	cpd31992
id3acald	cpd00486
ind56qn	cpd03309
ibutoh	cpd10408
2mppal	cpd16874
orot5p	cpd00810
mkmycolate	cpd15982
oxglyc	cpd02186
epist	cpd14514
epo	cpd19469
4nph	cpd00646
pphos	cpd01773
pgp120	cpd15542
pgp181	cpd15548
pgp141	cpd15544
pgp140	cpd15543
hxdcal	cpd00405
HC01668	cpd03560
26dap__M	cpd00516
tcam	cpd11459
tolbutamide	cpd04409
melanin	cpd12744
q6h2	cpd15291
mi134p	cpd00914
fecrm_un	cpd15462
HC01651	cpd03518
f5hoxkyn	cpd03358
decdman1p_tb	cpd15943
3hcddec5eACP	cpd15366
3hcmrs7eACP	cpd15368
CE2847	cpd27041
pa160190	cpd16004
M01235	cpd35175
3php	cpd02069
3mldz	cpd03458
dpgpi	cpd15860
arab__D	cpd00185
2tcc	cpd15810
2a3pp	cpd03378
2ddecg3p	cpd15350
2hdec9eg3p	cpd15354
2hdecg3p	cpd15355
hmccm	cpd04651
hmbil	cpd00755
2mbtoh	cpd16873
pydam	cpd00419
2odec11eg3p	cpd15357
2odecg3p	cpd15358
2ohph_5	cpd15198
cholcoar	cpd11262
2tdec7eg3p	cpd15362
2tdecg3p	cpd15363
dhna	cpd02295
gly_gln__L	cpd11580
gly_met__L	cpd11591
hxcoa	cpd03124
CE2314	cpd14644
ppbng	cpd00689
glysar	cpd26332
quln	cpd02333
gq1b_cho	cpd21585
6tgsnmp	cpd16423
2dmmql8	cpd15353
3dsphgn	cpd01879
adocblhbi	cpd15834
CE2516	cpd02077
dlnlcg	cpd02077
strdnc	cpd15016
aprop	cpd03408
hphhlipa	cpd15488
gt1a_cho	cpd03658
bzalc	cpd00435
c6crn	cpd35164
dcamp	cpd02375
HC00576	cpd00657
hcarn	cpd00657
hmcarn	cpd00657
h2acon_C	cpd15882
h3acon_C	cpd15883
f420_3	cpd15868
f420_4	cpd15869
f420_5	cpd15870
f420_6	cpd15871
34dhpe	cpd32505
mi13p	cpd02512
dudp	cpd00978
CE5276	cpd17852
fer	cpd01059
HC00591	cpd00695
focytc	cpd00686
4hbald	cpd00484
ibutac	cpd16884
fmcbtt	cpd15953
so4	cpd00048
man2mi1p__D	cpd16886
mphen	cpd15897
2dhglcn	cpd00480
mphenh2	cpd15898
mmeroacidACP	cpd15983
methsuccoa	cpd19589
CE1940	cpd24610
13_cis_retn	cpd23931
alltt	cpd00388
nrvnccoa	cpd16346
anxan	cpd05486
acgly	cpd34522
phdcaACP	cpd16014
ppdima	cpd16022
prephth	cpd16025
kphphhlipa	cpd15492
kdo2lipid4b	cpd24457
prephthACP	cpd16026
phthclh2	cpd16017
ala_L_met__L	cpd15589
LalaDgluMdapDala	cpd15387
pant__R	cpd00408
sec	cpd15904
eryth	cpd01395
3spyr	cpd03285
tamocta	cpd16038
t3c11vaceACP	cpd15568
t3c5ddeceACP	cpd15569
t3c7mrseACP	cpd15570
t3c9palmeACP	cpd15571
murein5px3p	cpd15513
g3pg	cpd02090
C02470	cpd01625
CE2949	cpd01625
iasp	cpd03470
h2co3	cpd00242
hco3	cpd00242
N1sprm	cpd01680
pqq	cpd00097
R_3hcmrs7ecoa	cpd16754
lineth	cpd26616
skm	cpd00383
R_3hcddec5ecoa	cpd16753
tym	cpd00374
loroxan	cpd30354
C14770	cpd10467
C14771	cpd10468
estriolglc	cpd03278
h2mb4p	cpd08615
2dmmq6	cpd15913
ohexa	cpd15901
pcholmyr_hs	cpd35523
pcholhep_hs	cpd34063
ntm2amep	cpd03876
ahandrostanglc	cpd08018
M00625	cpd03781
xol27oh	cpd03781
3dhsk	cpd01716
manmi1p__D	cpd16887
56dh5flura	cpd16434
C14768	cpd10465
5flurimp	cpd16438
CE0955	cpd03550
M00979	cpd17478
C14769	cpd10466
fol	cpd00393
na15dap	cpd16379
oxalcoa	cpd00262
bmn	cpd15933
methsucc	cpd24381
C100mclPHA	cpd16744
C120mclPHA	cpd16745
quc	cpd00313
C60mclPHA	cpd16749
C80mclPHA	cpd16750
mdz	cpd04694
dxyl5p	cpd08289
magole_hs	cpd23059
dmbhn	cpd15950
mi1345p	cpd00934
dad_2	cpd00438
mcbtt	cpd15972
flxr	cpd15465
mycolate	cpd16001
acybut	cpd03409
adocbi	cpd03918
56iqcrbxlt	cpd17924
CE1562	cpd17924
ctp	cpd00052
mgacpail_hs	cpd29779
dna	cpd11461
acgal6p	cpd03812
anhgm3p	cpd15397
hista	cpd00312
actyr	cpd32988
hmfurn	cpd15486
galctn__L	cpd14659
pmhexc	cpd16020
Nfortyr	cpd16878
peptido_kt	cpd16743
CE5643	cpd17155
M02760	cpd26604
ppoh	cpd03559
pcrn	cpd01934
CE1059	cpd23010
psclys	cpd15559
26dap_LL	cpd00504
tamhexc	cpd16036
CE5797	cpd14599
34dhpacet	cpd00854
34dhpha	cpd00854
C01836	cpd11960
tmbhn	cpd16043
dgsn	cpd00277
acglcgal14acglcgalgluside_cho	cpd21540
M02613	cpd16349
2ddg6p	cpd02711
C07486	cpd04658
novbcn	cpd03032
aragund	cpd15410
c4crn	cpd01840
ch4s	cpd00324
mg2	cpd00254
m3macchitppdol	cpd15252
m3mpdol	cpd15252
3hcpalm9eACP	cpd15369
3hcvac11eACP	cpd15370
2dhphaccoa	cpd16740
glyc3p	cpd00080
peamn	cpd03161
cytP450o	cpd12826
1agpg160	cpd26434
prostge2	cpd00454
thmmp	cpd00793
bhb	cpd00797
CE2049	cpd10526
CE4990	cpd03538
actn__R	cpd19008
sf430a	cpd15905
1ag3p_BS	cpd11424
dggpi	cpd15844
dggpgp	cpd15843
dpgpe	cpd15858
h4mpt	cpd00895
HC01496	cpd03283
ga	cpd01020
mcom	cpd02438
3hdpgpe	cpd15817
3hdpgpi	cpd15819
3hdggpi	cpd15816
2omhmbl_5	cpd15200
2ombzl_5	cpd15199
2ommbl_5	cpd15201
2oph_5	cpd15203
2ins	cpd00524
omhdocosac	cpd20876
dohdu	cpd15857
dohau	cpd15856
3hfrdp	cpd15821
3hgrdp	cpd15823
3hggdp	cpd15822
3hlido	cpd16374
cgly	cpd01017
3ocddec5eACP	cpd15373
3ocmrs7eACP	cpd15374
3ocpalm9eACP	cpd15375
Lpipecol	cpd00323
3ocvac11eACP	cpd15376
CE3038	cpd17477
M00937	cpd24501
M00939	cpd24498
dkdofp	cpd15852
xtsn	cpd01217
4hbzACP	cpd15914
4kfbp	cpd15824
glx	cpd00040
oretn	cpd16476
5hbzid	cpd15825
ser__D	cpd00550
dkmp	cpd15854
6txan5mp	cpd16422
Largn	cpd00616
dhadrdpr	cpd15846
dhadrpr	cpd15848
dhadrtpr	cpd15849
dhadr	cpd15845
dhadrp	cpd15847
adp	cpd00008
acysbmn	cpd15926
Ac1PIM1	cpd15915
Ac1PIM3	cpd15917
dcyt	cpd00654
meroacidACP	cpd15973
aflburppa	cpd16435
3oocoa	cpd03121
HC01406	cpd03121
andrstrnglc	cpd08017
3otdcoa	cpd12689
arabinan	cpd15928
agalfragund	cpd15927
trnagln	cpd11911
docosac	cpd05196
C14851	cpd10548
C14849	cpd10546
Lcyst	cpd00395
bmnmsh	cpd15934
cdpdag_HP	cpd16108
3oxoadp	cpd00630
pe18111Z1819Z	cpd30465
pe18111Z1829Z12Z	cpd30467
cbl1hbi	cpd15837
f430p1	cpd15873
f430p2	cpd15874
f430p3	cpd15875
f420_7	cpd15872
cdhxfut	cpd17281
meroacidcyc2AMP	cpd15976
kmeroacidcyc1ACP	cpd15965
kmeroacidcyc2ACP	cpd15966
kmeroacidcyc2AMP	cpd15967
mmeroacidcyc1ACP	cpd15984
mmeroacidcyc2ACP	cpd15985
mmeroacidcyc2AMP	cpd15986
mkmeroacidcyc1ACP	cpd15980
mkmeroacidcyc1AMP	cpd15981
5oxpro	cpd01293
6pthp	cpd02315
dhpt	cpd00683
argsuc	cpd02152
2hb	cpd03561
2hbut	cpd03561
mmmeroacidcyc1ACP	cpd15988
C02147	cpd01454
1agpe180	cpd26433
peste_hs	cpd26433
acglc__D	cpd01726
mmmeroacidcyc1AMP	cpd15989
M02467	cpd04411
aacoa	cpd00279
CE1292	cpd17476
hyptaur	cpd00406
dcal	cpd09079
M00960	cpd25364
mobd	cpd11574
M00964	cpd25363
acrn	cpd01682
L_dpchrm	cpd01169
chsterol	cpd00160
HC01223	cpd02503
3hibutcoa	cpd23280
44mctr	cpd08302
crm_hs	cpd00167
CE5594	cpd00577
retn	cpd00577
mfr_b	cpd27444
HC02121	cpd09879
hmgth	cpd09879
xol24oh	cpd09461
so3	cpd00081
3hbcoa	cpd00842
hretn	cpd16475
C03681	cpd02312
hexdp	cpd00906
galct__D	cpd00652
glcr	cpd00571
C07297	cpd04508
pristcoa	cpd33391
brasstrl	cpd05718
ap4a	cpd00924
dcholcoa	cpd03164
dgcholcoa	cpd03164
c2m26dcoa	cpd08743
fe2	cpd10515
fe3	cpd10516
clpnd	cpd16301
34dhcinm	cpd00881
dhcinnm	cpd00881
amuco	cpd01496
chtbs6p	cpd26854
xol7ah3	cpd03227
alac__S	cpd00668
8aonn	cpd00800
thyox__L	cpd01259
3hmp	cpd23281
cellb	cpd00158
msh	cpd04105
doco13ecoa	cpd16345
M00049	cpd24273
ptth	cpd00620
glyc1p	cpd16494
gd1b_hs	cpd03661
M00783	cpd24269
glypro	cpd22832
xoldioloneh	cpd03236
C02528	cpd01663
ei11ecoa	cpd16344
hexccoa	cpd26581
cynt	cpd01015
coa	cpd00010
tetpent6coa	cpd14893
lipidA_HP	cpd03002
lipidAds	cpd03002
C06315	cpd03756
M00003	cpd34403
actACP	cpd11488
C06453	cpd12878
estrones	cpd01669
chito2pdol_U	cpd12568
acgal	cpd27607
naglc2p_U	cpd12559
idour	cpd35099
mescon	cpd01194
fmnh2	cpd01270
ribflvRD	cpd01270
rbflvrd	cpd00739
nifedipine	cpd00420
tststerone	cpd00420
nfd	cpd04486
CE1556	cpd25519
lgt__S	cpd02182
igam	cpd20950
3pg	cpd00169
3hpcoa	cpd03375
oxadpcoa	cpd01507
cyan	cpd00150
acACP	cpd12520
pimACP	cpd00782
pmcoa	cpd00782
inost	cpd00121
glygly	cpd01391
leugly	cpd32743
pcholpalm_hs	cpd02533
HC02205	cpd03543
xylu__L	cpd00261
ascb__L	cpd00059
ag	cpd04100
HC00361	cpd00349
Ssq23epx	cpd00776
C08276	cpd05191
tmndnc	cpd03851
t2m26dcoa	cpd08742
CE2248	cpd14936
cit	cpd00137
M02447	cpd01329
malthx	cpd01329
galacglcgalgluside_hs	cpd02989
cyart	cpd01306
HC01180	cpd02371
tagdp__D	cpd02371
HC02217	cpd03545
his__L	cpd00119
thf	cpd00087
arachd	cpd00188
mi14p	cpd00898
2coum	cpd03468
xol7ah	cpd03234
acryl	cpd00400
dmarach	cpd15949
pcholole_hs	cpd02434
acon_T	cpd01563
dak2gpe_hs	cpd12606
HC02228	cpd01800
ggdp	cpd00289
11docrtsl	cpd03268
amp	cpd00018
dedolp_U	cpd12788
5caiz	cpd11310
cmpacna	cpd00112
gpail_hs	cpd12500
ile__L	cpd00322
arachcoa	cpd01393
acgam	cpd00122
HC00229	cpd00217
melib	cpd03198
g15lac	cpd00170
strdnccoa	cpd14884
dd3coa	cpd01887
mi145p	cpd00916
octd11ecoa	cpd35865
palmACP	cpd11476
dolglcp_U	cpd11831
myrsACP	cpd11466
hLkynr	cpd01804
3hmrsACP	cpd11484
M00127	cpd00399
ocde9ecoa	cpd00399
octdececoa	cpd00399
odecoa	cpd00399
2docopencoa	cpd32008
CE4835	cpd32008
6pgg	cpd02760
2ahhmp	cpd00954
6hmhpt	cpd00954
pchollinl_hs	cpd02531
M00841	cpd35464
M02612	cpd33510
tddec2eACP	cpd11469
tpalm2eACP	cpd11477
4ohbut	cpd00728
ghb	cpd31356
CE2247	cpd24266
fe3dcit	cpd03725
aldstrn	cpd01228
44mzym	cpd03038
asn__L	cpd00132
crtn	cpd00585
creat	cpd00250
5dh4dglcn	cpd16126
phyto	cpd03205
phytoe	cpd03205
dopaqn	cpd00612
retinol	cpd00365
retinol_cis_13	cpd21201
lipoate	cpd00541
M00004	cpd32271
sl26da	cpd02698
HC02172	cpd00034
zn2	cpd00034
dna5mtc	cpd12223
CE2209	cpd02403
nh4	cpd00013
pa_hs	cpd11422
M00341	cpd16348
lgnccoa	cpd15297
ttccoa	cpd15297
gthox	cpd00111
tettet6coa	cpd14892
hestratriol	cpd09908
tetpent3coa	cpd14888
2fe2s	cpd00074
gda1_hs	cpd02999
dlnlcgcoa	cpd02263
maltpt	cpd15495
rdmbzi	cpd03423
acac	cpd00142
fru	cpd30321
cbi	cpd03422
gchola	cpd01318
C11304	cpd08162
meoh	cpd00116
adpglc	cpd00387
dmh2mpt	cpd15855
r5p	cpd00101
5mtr	cpd01981
g6p	cpd00079
carveol	cpd00711
pep	cpd00061
acglu	cpd00477
ddmcital	cpd16413
pcollg5hlys	cpd19196
thm	cpd00305
murein4px4px4p	cpd28824
f6p	cpd00072
gam6p	cpd00288
phpyr	cpd00143
hdcea	cpd05274
no	cpd00418
dhbpt	cpd00231
mmcoa__S	cpd00519
dcacoa	cpd03128
lnlncgcoa	cpd01942
l2xser	cpd12629
thcholstoic	cpd02878
thcholst	cpd00955
5adtststerone	cpd02435
o2s	cpd00532
prostgh2	cpd00336
mi13456p	cpd00943
inospp1	cpd02780
2mbcoa	cpd00760
pail_hs	cpd27343
HC02195	cpd17168
xol7aone	cpd03238
cholcoa	cpd01237
prostge1	cpd02889
andrstndn	cpd00237
crtsl	cpd00546
xoltri27	cpd03782
xoltetrol	cpd03229
pmtcrn	cpd01915
sphs1p	cpd03651
CE7090	cpd19447
15HPET	cpd03555
17ahprgstrn	cpd00866
7dhchsterol	cpd00857
17ahprgnlone	cpd03058
andrstrn	cpd00409
chlstol	cpd03222
c8crn	cpd01833
prgstrn	cpd00325
retinal_11_cis	cpd01430
retinal_cis_9	cpd00304
retinal_cis_13	cpd23916
xol7ah2	cpd03235
xoltriol	cpd03237
fpram	cpd02826
lipa	cpd03587
M00012	cpd14899
11docrtstrn	cpd02047
2doxg6p	cpd03805
4mzym_int2	cpd14552
3m4hpga	cpd03313
unagamuf	cpd31144
andrstandn	cpd00511
butso3	cpd11596
cholcoaone	cpd03248
crtstrn	cpd01450
dsmsterol	cpd01243
glac	cpd01735
HC00250	cpd00239
h2s	cpd00239
i	cpd00534
HC00682	cpd00836
CE1925	cpd23163
3mox4hoxm	cpd03314
5HPET	cpd03176
adpcoa	cpd09842
seahcys	cpd03393
sebacid	cpd05192
vitd2	cpd03224
xoltri25	cpd11200
HC01162	cpd02319
35diotyr	cpd00779
HC01377	cpd03046
ga1_hs	cpd03657
ga2_hs	cpd03656
appnn	cpd19099
malthp	cpd03718
HC02024	cpd11132
HC02023	cpd10340
HC02020	cpd08114
estroneglc	cpd08015
fna5moxam	cpd03353
gudac	cpd00451
HC01441	cpd03194
HC00319	cpd00308
pheacgln	cpd02559
C01747	cpd01205
tststeroneglc	cpd08016
triodthysuf	cpd22938
4ppcys	cpd02666
M03167	cpd02137
M00170	cpd34788
3c3hmp	cpd01646
20ahchsterol	cpd03274
dece3coa	cpd32438
dhocholoylcoa	cpd03232
CE5072	cpd09545
dmlgnc	cpd15951
C08261	cpd05177
cortsn	cpd00566
HC00664	cpd00805
egme	cpd09199
adphep_DD	cpd03830
HC01501	cpd00268
tsul	cpd00268
acgam6p	cpd00293
malt	cpd00179
HC01412	cpd03127
thcholoylcoa	cpd03231
CE2414	cpd01130
phyt	cpd01130
CE2510	cpd16341
C04717	cpd02873
cu2	cpd00058
fruur	cpd00672
CE2883	cpd22934
CE2313	cpd25358
M00942	cpd25358
dolp_U	cpd11619
pala	cpd01200
galt1p	cpd03752
ggptrc	cpd11340
xylu__D	cpd00259
sucr	cpd00076
dhea	cpd00904
itaccoa	cpd00416
coke	cpd01014
rml1p	cpd00831
thrnt	cpd01138
man	cpd00138
HC00822	cpd01157
M01729	cpd32723
ddeccrn	cpd32723
HC02192	cpd01694
ppt	cpd04099
gggp	cpd02797
C02712	cpd01756
acmana	cpd00492
HC01415	cpd03130
c81coa	cpd03130
pcs	cpd32658
prostg1	cpd02836
micit	cpd02799
CE1162	cpd35962
perillyl	cpd27846
csa	cpd03033
cytd	cpd00367
cigam	cpd20951
ertascb__D	cpd16322
3h3mglt	cpd02358
decdp	cpd19241
crn	cpd00266
pa160	cpd26147
gmhep17bp	cpd08316
ttdcea	cpd05237
fecost	cpd02755
fuc1p__L	cpd01912
rml	cpd00642
lipidA	cpd02993
lac__D	cpd00221
lac__L	cpd00159
3hcinnm	cpd09252
lpchol_hs	cpd21879
HC02110	cpd03035
selcyst	cpd03398
lipidX	cpd02930
ni2	cpd00244
hnifedipine	cpd03140
whtststerone	cpd03140
HC01459	cpd03233
4fe4s	cpd27307
pentso3	cpd16742
glyc__R	cpd00223
2ommbl	cpd15361
digalside_hs	cpd03652
nicrnt	cpd00873
h2	cpd11640
uama	cpd00890
hmgcoa	cpd00292
tre	cpd00794
CE2866	cpd22927
3ddecdicoa	cpd03132
C05280	cpd03132
tddedicoa	cpd03132
spc_hs	cpd02284
M00063	cpd01613
2ddecdicoa	cpd03131
C05279	cpd03131
ethmalcoa	cpd18009
3aib	cpd02096
iacgam	cpd21029
no3	cpd00209
4mzym_int1	cpd14544
accoa	cpd00022
citr__L	cpd00274
lyxnt	cpd00391
b2coa	cpd00650
2dr5p	cpd00510
2omhmbl	cpd03449
ahandrostan	cpd02677
h2o2	cpd00025
ps_hs	cpd11455
tdcoa	cpd01695
wharachd	cpd10445
metsox_S__L	cpd01914
acnam	cpd21149
prgnlones	cpd18027
tchola	cpd03047
btamp	cpd03517
dgchol	cpd03243
3mob	cpd00123
lald__L	cpd00334
malt6p	cpd01919
bzcoa	cpd00401
acgal1p	cpd15390
aclys	cpd09352
rib__D	cpd00105
selcys	cpd03389
slfcys	cpd01608
1hdecg3p	cpd02496
e4hglu	cpd01974
dhdascb	cpd00335
selhcys	cpd03397
hpglu	cpd06227
thfglu	cpd19097
decd_tb	cpd01904
lnlc	cpd01122
ocdcya	cpd01122
dttOX	cpd00823
hhlipa	cpd15484
Lkynr	cpd00275
13dpg	cpd00203
cd2	cpd01012
s7p	cpd00238
stcoa	cpd00327
3hadpcoa	cpd09844
mhista	cpd03051
M02694	cpd00660
pentcoa	cpd00660
M01067	cpd24507
zym_int2	cpd24507
sql	cpd00559
C05301	cpd03146
rmn	cpd27094
fuc__L	cpd00751
C04295	cpd02637
xmp	cpd00497
urdglyc	cpd00465
sphgn	cpd00623
etoh	cpd00363
CE4633	cpd20945
CE5456	cpd02084
4ampm	cpd02775
estradiol	cpd00702
5dpmev	cpd00841
3dphb	cpd25880
3ophb_5	cpd25880
glutcon	cpd01492
ala__L	cpd00035
23dhmb	cpd02498
cdpdhdecg	cpd23593
c226coa	cpd14890
6pgc	cpd00284
pcholste_hs	cpd25193
ecaro	cpd14992
dcsptn1coa	cpd14894
estrone	cpd00362
seasmet	cpd03392
1odecg3p	cpd15329
phsph1p	cpd27794
eths	cpd11579
ethso3	cpd11579
g1p	cpd36413
g1p_B	cpd00501
gal1p	cpd00348
2amac	cpd01495
occoa	cpd01335
1agpg140	cpd26429
1tdecg3p	cpd26429
M00603	cpd03271
xyl__D	cpd00154
gcald	cpd00229
CE2211	cpd09544
2dr1p	cpd26845
cu	cpd30760
3hanthrn	cpd00483
lcts	cpd00208
ddcacoa	cpd01260
arab__L	cpd27351
pnto__R	cpd00644
kdo	cpd00875
mepi	cpd03317
3ohxccoa	cpd24265
M00879	cpd24265
CE2251	cpd24263
doxrbcn	cpd01151
dadp	cpd00177
C05298	cpd03143
glutcoa	cpd00413
C03577	cpd02247
prpp	cpd00103
saccrp__L	cpd00351
thcys	cpd01347
prgnlone	cpd01342
4hphac	cpd00489
pailste_hs	cpd33935
3mb2coa	cpd01966
aflatoxin	cpd04172
gal	cpd00724
sbt6p	cpd01819
CE1589	cpd11228
o2	cpd00007
malcoa	cpd00070
adrn	cpd16342
lneldccoa	cpd01398
lnlccoa	cpd30349
cholate	cpd00526
glc__D	cpd00027
cpppg3	cpd02083
gam	cpd00276
glucys	cpd00506
4ppan	cpd02201
fdp	cpd00290
asp__L	cpd00041
dtt	cpd00228
man6p	cpd32192
6pgl	cpd00911
cl	cpd00099
arachdcoa	cpd01519
eitetcoa	cpd01519
3dhguln	cpd00473
tmtrdcoa	cpd04507
4hpro_LT	cpd00851
tmao	cpd00811
bamppald	cpd01504
cinnm	cpd00333
formmfr_b	cpd15879
M01075	cpd21485
galgbside_hs	cpd36161
frrppdima	cpd15954
cm	cpd00680
clpndcoa	cpd14887
fgam	cpd02678
allul6p	cpd15394
fald	cpd00055
fprica	cpd02884
gbside_hs	cpd02088
HC02193	cpd11226
gar	cpd02394
galfragund	cpd15955
malttr	cpd01262
sbt__D	cpd00588
caro	cpd01420
uacgam	cpd00037
ibcoa	cpd00481
acmanap	cpd02612
ivcoa	cpd01882
M00023	cpd16448
quin	cpd00248
Ntmelys	cpd12738
C05302	cpd03147
dpcoa	cpd00655
lanost	cpd01188
HC02197	cpd08159
dheas	cpd02774
C03693	cpd02320
adprib	cpd00251
xylt	cpd00306
ppmi1346p	cpd24455
inoshp	cpd00885
minohp	cpd00885
pram	cpd01982
4r5au	cpd02882
CE2047	cpd10525
paps	cpd00044
pac	cpd19069
3sala	cpd00467
3dpdhb	cpd25894
3ivcoa	cpd03570
urcan	cpd00581
phaccoa	cpd00452
fum	cpd00106
C11695	cpd08505
5aizc	cpd02893
3ohodcoa	cpd14935
eicostetcoa	cpd14885
ecgon	cpd07744
octdececrn	cpd33454
lnlnca	cpd03850
5mdru1p	cpd02791
2maacoa	cpd02124
ser__L	cpd00054
tacr	cpd00990
murein4px4p	cpd26455
gdpgpi	cpd15880
mi1p__D	cpd02484
estradiolglc	cpd03277
tartr__L	cpd00666
gacpail_hs	cpd29778
cys__L	cpd00084
3dpdhb_me	cpd25896
3h26dm5coa	cpd08744
glc1man	cpd02558
M02107	cpd35246
hepcoa	cpd35246
forcoa	cpd00592
M02451	cpd01399
maltttr	cpd01399
5pmev	cpd00812
gthrd	cpd00042
digalsgalside_hs	cpd12831
zymst	cpd03221
hcit	cpd00919
dchac	cpd02733
dc2coa	cpd03129
hdd2coa	cpd03126
HC01115	cpd02155
hdcoa	cpd22622
M00241	cpd26855
pecgon	cpd09200
C03405	cpd12314
nadph	cpd00005
25aics	cpd02921
mmcoa__R	cpd00891
2mb2coa	cpd02125
met__L	cpd00060
CE0737	cpd20696
alltn	cpd01092
C14825	cpd10522
4tmeabutn	cpd00870
M03168	cpd03564
nrvnc	cpd05238
dd2coa	cpd02060
tethex3coa	cpd14889
noncoa	cpd01333
prpncoa	cpd00663
f26bp	cpd00503
1agpg180	cpd26428
CE4876	cpd03547
alaala	cpd00731
3hdcoa	cpd03118
3odcoa	cpd03119
mercplac	cpd03455
4mlacac	cpd00763
4fumacac	cpd00780
arg__L	cpd00051
3hmbcoa	cpd02691
3oddcoa	cpd03117
3ohcoa	cpd03123
HC01408	cpd03123
C04805	cpd02918
gmhep7p	cpd21122
kdo8p	cpd02730
3mhis	cpd00848
M00938	cpd25357
M00940	cpd25356
3hddcoa	cpd03116
3ohdcoa	cpd03114
4hbzcoa	cpd01892
g3p	cpd19005
hx2coa	cpd03125
pailpalm_hs	cpd32433
3hhcoa	cpd03122
HC01407	cpd03122
tcynt	cpd01211
HC01405	cpd03120
3htdcoa	cpd03115
C02744	cpd01778
cdpglyc	cpd00402
HC02210	cpd09623
abt	cpd00417
alpro	cpd11830
cbl2	cpd00423
C05708	cpd03406
M01068	cpd25366
kdo2lipid4	cpd03586
M00010	cpd16337
q10	cpd08232
xol25oh	cpd11199
adphep_LD	cpd03831
ppcoa	cpd00086
pmtcoa	cpd00134
r15bp	cpd00847
tungs	cpd15574
HC02191	cpd02475
akgp_hs	cpd12375
3c2hmp	cpd02693
glu__L	cpd00023
orn	cpd00064
orn__L	cpd00064
L2aadp6sa	cpd01046
cbl1	cpd00635
adrncoa	cpd14891
pecgoncoa	cpd09201
trdrd	cpd11421
ak2g_hs	cpd12273
phytcoa	cpd01402
23dappa	cpd03828
3mgcoa	cpd02068
hpmdtria	cpd15960
sectrna	cpd15563
phyt2ohcoa	cpd04546
succoa	cpd00078
crmp_hs	cpd01899
ergst	cpd01170
acgpail_hs	cpd24489
seln	cpd01078
hpdcacoa	cpd32507
xoldiolone	cpd03239
2mp2coa	cpd02187
Sfglutth	cpd00759
M02108	cpd15608
hpa	cpd15608
od2coa	cpd14937
limnen	cpd00407
23doguln	cpd02784
M00021	cpd16347
phe__L	cpd00066
CE5665	cpd17853
harab__D	cpd15956
cbm	cpd01101
hmocta	cpd15957
hmtria	cpd15958
f1p	cpd00802
dmso	cpd08021
iamac	cpd09068
3mb	cpd05178
kmycolate	cpd15968
Lglyald	cpd01605
thp2c	cpd00352
lpp	cpd11959
acald	cpd00071
octa	cpd03846
phhlipa	cpd15549
phphhlipa	cpd15550
mharab__D	cpd15978
mql6	cpd15994
mmmycolate	cpd15990
mmycolate	cpd15991
marach	cpd15970
mbhn	cpd15971
mkmeroacidACP	cpd15979
mmmeroacidACP	cpd15987
m3hdp	cpd15890
vanln	cpd00561
mmh2mpt	cpd15896
Tn_antigen	cpd12535
agdpgpi	cpd15835
5pr5hbz	cpd15826
r5hbzi	cpd15903
mleneh4spt	cpd15894
phthr	cpd03607
tyr__L	cpd00069
csn	cpd00307
pmocta	cpd16021
peptido_TB2	cpd16008
phdca	cpd16013
prepphth	cpd16028
prepphthACP	cpd16029
pphthdl	cpd16023
pphthiocerol	cpd16024
pa_Hp	cpd16113
ptd1ino160190	cpd16030
pe_HP	cpd16115
pg160190	cpd16009
pqqh2	cpd00986
pg_HP	cpd16084
PIM5	cpd15924
PIM4	cpd15923
PIM3	cpd15922
PIM6	cpd15925
ps_HP	cpd16110
pdima	cpd16007
phthdl	cpd16018
prenoN_acid	cpd15661
dhap	cpd00095
25dop	cpd00340
HC02203	cpd03542
HC02207	cpd03544
C05957	cpd03546
3aap	cpd19440
56dthm	cpd00673
6hnac	cpd00752
rppdima	cpd16032
rrppdima	cpd16033
scl2	cpd16034
Dara14lac	cpd00496
tarab__D	cpd16039
lys__L	cpd00039
ihcit_T	cpd15888
HC02204	cpd00707
HC02214	cpd03891
tmhexc	cpd16050
ugam	cpd01482
ugmr	cpd16059
uggmd	cpd16055
ugmag	cpd16058
uggmda	cpd16056
ugggmda	cpd16054
unknown_cbl1deg	cpd15910
unknown_rbfdeg	cpd15911
fuc132galacglcgal14acglcgalgluside_cho	cpd21574
5aptn	cpd00339
ach	cpd01367
tartr__D	cpd19018
dma	cpd00425
ichor	cpd00658
nad	cpd00003
ump	cpd00091
cala	cpd01720
M02761	cpd26603
Pald	cpd02024
adfdRD	cpd11723
trypta	cpd00318
23dhdp	cpd02120
ragund	cpd15562
lthstrl	cpd00877
octdp	cpd02557
vanilpyr	cpd23098
alpam	cpd15217
HC00342	cpd00331
acon_C	cpd00331
acorn	cpd00342
CE1918	cpd23049
suchms	cpd00822
CN0020	cpd20744
xoltri24	cpd11198
ppal	cpd00371
sheme	cpd00557
3hexdcoa	cpd03113
3hhdcoa	cpd03113
HC01397	cpd03113
adpman	cpd03700
eaflatoxin	cpd20840
dhpppn	cpd02501
ala_L_glu__L	cpd11586
ala_L_Thr__L	cpd11582
steeth	cpd35123
4crsol	cpd01042
pcresol	cpd01042
subgly	cpd25310
5odhf2a	cpd02255
ipdp	cpd00113
sl1	cpd16035
apotfen	cpd12769
bglycogen	cpd15413
C121mclPHA	cpd16746
C140mclPHA	cpd16747
C141mclPHA	cpd16748
cmcbtt	cpd15940
tat	cpd16040
clpn_HP	cpd16096
M02973	cpd35067
ttdcrn	cpd35067
24dab	cpd02095
npthld	cpd01932
1p3h5c	cpd02625
HC00460	cpd00479
5d4dglcr	cpd00515
5dh4dglc	cpd00515
adocbip	cpd03919
tag1819Z18111Z1819Z	cpd30596
eicostet	cpd25049
conialdh	cpd01733
fa10	cpd15597
fa5	cpd15599
fa9	cpd15601
dsbdrd	cpd15451
HC01700	cpd03646
gly_asn__L	cpd11581
gly_glu__L	cpd11592
gly_pro__L	cpd11588
udpglcur	cpd00144
hpal	cpd10089
murein5px4px4p	cpd15515
murein4px4p4p	cpd15507
hxal	cpd15611
3hpp	cpd00745
4ahmmp	cpd00939
dec24dicoa	cpd33282
decdicoa	cpd33282
adcobhex	cpd03917
M03045	cpd24918
confrl	cpd00458
metox__R	cpd11576
enter	cpd03453
xylnt	cpd03203
murein5px4p	cpd15514
murein3px4p	cpd15503
murein3px3p	cpd15502
lps_HP	cpd16107
uaagtmda	cpd03496
uaaAgtla	cpd03488
uaaAgla	cpd03487
uaAgla	cpd03486
met_L_ala__L	cpd11590
dhpyr	cpd00778
tol	cpd01034
23dpg	cpd00853
4h2oglt	cpd00830
trnaala	cpd11906
glyc	cpd00100
icit	cpd00260
pat	cpd16006
f420_2h2	cpd15867
pi	cpd00009
chol	cpd00098
ru5p__L	cpd00808
mnl1p	cpd00491
pcreat	cpd01550
2dh3dgal6p	cpd00945
sl__L	cpd08338
12ppd__R	cpd01861
malm	cpd01123
LalaDgluMdap	cpd15386
trnagly	cpd11913
and19one	cpd03137
prostgd2	cpd00527
2ommb	cpd03448
2ombzl	cpd15359
sertrna_sec	cpd15565
pa120	cpd15521
pa161	cpd15525
pa181	cpd15527
pa141	cpd15523
pg_EC	cpd15655
anhm	cpd15399
omaenol	cpd02717
cdgggp	cpd15838
cdpdag_SA	cpd16067
trnaasn	cpd11908
trnapro	cpd11920
trnatyr	cpd11751
46dhoxquin	cpd03350
48dhoxquin	cpd03348
trnaarg	cpd11907
trnaasp	cpd11909
trnaphe	cpd11919
trnatrp	cpd11923
fe3hox_un	cpd15461
feoxam_un	cpd15463
trnahis	cpd11914
trnaile	cpd11915
trnaleu	cpd11916
trnalys	cpd11917
trnamet	cpd11918
trnathr	cpd11922
trnaval	cpd11924
trnaglu	cpd11912
uLa4n	cpd15576
lald__D	cpd00693
2mbdhl	cpd03045
HC01376	cpd03045
cobalt2	cpd00149
pa_SA	cpd16080
trnaser	cpd11921
12dgr_SA	cpd16060
1hdec9eg3p	cpd15326
1tdec7eg3p	cpd15330
dgggps	cpd15841
3hdpgps	cpd15820
1pipdn2c	cpd00922
dhrfap	cpd15851
decdp_tb	cpd29704
clpn_EC	cpd15650
3hcdgggp	cpd15811
dgggp	cpd15840
stcrn	cpd36045
slp__L	cpd15907
pe_EC	cpd15653
phthcl	cpd16016
tdechola	cpd03244
zym_int1	cpd15299
tega	cpd09288
1msg3p	cpd15912
dpgpg	cpd15859
3hdpgpg	cpd15818
phsphings	cpd08926
psphings	cpd08926
3mlda	cpd03459
CE2881	cpd22933
agpc_EC	cpd15646
chsterols	cpd18026
6a2ohxnt	cpd02074
kmeroacidACP	cpd15964
lido	cpd16326
lps_EC	cpd15652
pg_SA	cpd16085
triat	cpd16052
ps_EC	cpd15657
o16a4colipa	cpd15518
3hxccoa	cpd15205
C14826	cpd05280
c190cACP	cpd16099
dggpg	cpd15842
3hdggpg	cpd15814
3hdggpgp	cpd15815
3hdgggp	cpd15812
3hdgggps	cpd15813
b124tc	cpd02483
hacon_C	cpd02483
q10h2	cpd25915
arpp	cpd15932
adphep7p_LD	cpd16101
cob	cpd02817
clpn_SA	cpd16068
meroacidcyc1ACP	cpd15974
meroacidcyc2ACP	cpd15975
decdpa_tb	cpd15946
decdr_tb	cpd15948
dgdcg_SA2	cpd16070
fa19a	cpd16071
fa20n	cpd16072
acglc13galacglcgal14acglcgalgluside_cho	cpd21555
phdcacoa	cpd16015
pe_SA	cpd16083
pgp190	cpd16012
pgp160190	cpd16011
pgp_SA	cpd16088
ps_SA	cpd16093
prephthcoa	cpd16027
gq1c_cho	cpd21589
SA_FREE_FA	cpd16064
ssaltpp	cpd03450
cysi__L	cpd00381
u2hga_HP	cpd16111
gullac	cpd00765
mi1346p	cpd02729
gt1c_cho	cpd21588
Cit_Mg	cpd16062
mmtsa	cpd19044
din	cpd03279
25dkglcn	cpd01793
C09642	cpd06536
trnasecys	cpd15573
4tmeabut	cpd00845
2o3mpt	cpd03577
mdhdhf	cpd22811
ddsmsterol	cpd03037
15dap	cpd01155
iodine	cpd00994
k	cpd00205
1p2cbxl	cpd02235
2dhp	cpd00712
4mpetz	cpd02654
btnCCP	cpd12848
4mcat	cpd04117
4mhetz	cpd02636
5dglcn	cpd00781
pencil	cpd27778
homtta	cpd15959
arbtn	cpd15411
lpchol_cho	cpd16818
CE5842	cpd23161
gam1p	cpd03671
fdox	cpd15876
fdred	cpd15877
aso4	cpd01048
dsbdox	cpd15450
dsbgox	cpd15452
dsbaox	cpd15446
dsbcox	cpd15448
decda_tb	cpd15942
15kprostgf2	cpd03549
4h3npacald	cpd35423
mshfaldox	cpd15998
CN0021	cpd20745
asp__D	cpd00320
lys__D	cpd00549
M03005	cpd34967
mshfald	cpd15997
ttrcyc	cpd03977
mal__L	cpd00130
2dp6mobq_me	cpd23044
2dp6mobq	cpd23043
M01165	cpd25886
M00658	cpd25884
vanlt	cpd04073
hicit	cpd03372
4hexdtetcoa	cpd24239
CE1310	cpd04181
n2ppn	cpd01433
34hpl	cpd02305
3htmelys	cpd00923
4mptnl	cpd01585
3AStrmyn	cpd02250
35cdamp	cpd00713
h2o	cpd00001
